domain,tld_from_ip
sciforce.org,us
thaidj.org,th
insight.piscomed.com,sg
aplicaciones.bibliolatino.com,us
cn.usp-pl.com,sg
iainmadura.org,nl
base.revistacide.org,us
latihanojs2.iainmadura.org,nl
probe.usp-pl.com,sg
rubatosis.org,in
www.carijournals.org,us
www.ajpojournals.org,us
dossolution.com,id
www.dossolution.com,id
estudamdergi.org,tr
fortunejournals.org,us
revistes.ub.edu,es
ubipayroll.com,us
ijrdo.org,us
journals.eduindex.org,us
iieta.org,us
scripturesubmission.com,sg
www.gratisoa.org,us
myresearchjournals.com,us
oajournals.fupress.net,fr
ojs.wiserpub.com,sg
en.front-sci.com,sg
medcrave.org,us
scp.library.illinois.edu,us
revistas.upel.digital,nl
oaj.fupress.net,fr
journal.saintispub.com,cy
oapub.org,de
dl6.globalstf.org,sg
adrjournalshouse.com,us
journals.aphriapub.com,us
ojs.adrri.org,fr
stratfordjournals.org,de
thejournalshouse.com,us
ijtarp.org,us
journals.ipinnovative.com,us
sia-uniwa.ddns.net,id
technology.eurekajournals.com,in
www.iprjb.org,us
e-journal.uph.edu,id
ijpsnonline.com,in
manuscript.publishingindia.com,in
royalliteglobal.com,de
www.manuscript.publishingindia.com,in
journal.jis-institute.org,sg
knepublishing.com,de
ncurproceedings.org,us
sandbox.publicknowledgeproject.org,ca
ezenwaohaetorc.org,us
jmhs.info,us
medicaljournalshouse.com,us
ojs.ejournal.net,us
ojs.urbe.edu,ve
researchlakejournals.com,us
usajournalshub.com,us
www.gphjournal.org,sg
ejurnal.saintekjournalitm.com,my
journal.pdmbengkulu.org,cy
journal.scientiaca.org,us
journals.library.columbia.edu,us
ojs.piscomed.com,sg
revistas.infoacceso.org,us
www.firstojs.com,us
cenicafe.metarevistas.org,gb
goodwoodpub.com,id
ojs.msupress.msu.edu,us
revistas.upr.edu,pr
scholarzest.com,de
www.journal.riverpublishers.com,us
www.sciencepubco.com,us
jurnal.fisipuntan.org,id
jurnal.penerbitsign.com,id
reviewtool.ilri.org,gb
revistes.urv.cat,es
asdpub.com,us
firstmonday.org,us
highlightsin.org,bg
jayapanguspress.penerbit.org,cy
journal.sscipub.com,us
journals.comsresearch.com,us
jurnalilmiah.org,id
kigiran.com,ru
mimesisjournals.com,it
ojs.globalmissiology.org,us
ojs.indrastra.com,us
penerbitgoodwood.com,id
conference.tspsubmission.com,hk
journals.sta.uwi.edu,tt
odjar.org,nl
ojcs.siue.edu,us
ojs3.berghahnjournals.com,us
revistasfranciscanas.org,nl
sauc.website,pt
sesmo.org,nl
theinterscholar.org,us
undergradsciencejournals.okstate.edu,us
www.ejournal.aibpm.org,id
www.iaiai.org,jp
www.theinterscholar.org,us
aisc-publications.org,us
asps-journals.com,gb
bioscipublisher.com,us
cropscipublisher.com,us
editoraverde.org,us
ejournal.mandalanursa.org,cy
ejournaluntikaluwuk.net,id
itr.eurekajournals.com,in
journal-repository.com,us
journal.equinoxpub.com,ie
journals.himalayanherald.org,us
journals.tdl.org,us
journals.uc.edu,us
medcliph.com,sg
modhfarpub.com,us
proceedings.ciaiq.org,pt
pubs2.ascee.org,id
sabapub.com,us
science.eurekajournals.com,in
sersc.org,us
siducat.org,id
submission.apertusjournal.com,us
www.brazilianjournals.com,br
www.medcliph.com,sg
www.thematicdoorway.com,us
www.wmpllc.org,us
aaai.org,us
annalesumng.org,fr
asianpubs.org,in
bright-journal.org,id
classiques-garnier.com,fr
iajour.com,us
igbr.org,us
iscmrpublications.com,us
journal.fkpt.org,id
journal.forshenhub.com,nl
journal.haqipub.com,id
journal.sustech.edu,sd
journals.iupui.edu,us
journals.opscidia.com,be
journals.pakistanreview.com,de
journals.shareok.org,us
jurnal.sainsglobal.com,us
jurnalummi.agungprasetyo.net,id
keiv.org,gb
medtech.ichsmt.org,us
ojs.bilpublishing.com,sg
ojs3.ubplj.org,gb
procedia.e-master.org,us
publicaciones.fedepalma.org,us
publications.oasisinternationaljournal.org,us
publikasi.kocenin.com,id
revistas.ponteditora.org,us
revistasunimilitareduco.biteca.online,us
smsrio.org,us
sunankalijaga.org,us
ubplj.org,gb
www.asianscientificresearch.com,sg
www.assumptionjournal.au.edu,th
www.editorialeidec.com,us
www.journals.mindamas.com,id
www.tmfv.org,ua
www.ubplj.org,gb
acjol.org,us
agenf.org,us
ahroeop.org,us
ajsse.org,de
antjournals.org,tr
aswapublishers.org,us
brjournals.comsresearch.com,us
cendikia.online,us
dev-ejournals.library.vanderbilt.edu,us
ejournal.aksararentakasiar.com,sg
ejournal.imperiuminstitute.org,id
ejournal.medan.uph.edu,id
ejournalmanager.com,us
endsci.net,es
grinrey.com,nl
hathi-pusat.org,id
iopn.library.illinois.edu,us
jhistsex.org,ca
jmss.org,ca
journal.cs.unsika.ac.id.,id
journal.edizioniets.com,de
journal.febubhara-sby.org,id
journal.natureindonesia.org,id
journal.supershineuniversity.net,us
journals.calstate.edu,us
journals.resaim.com,in
journals.researchub.org,au
journals.rsfpress.com,nl
journals.synthesispublication.org,id
journals.tplondon.com,de
jstp.karsawisata.com,id
jurnal.iicet.org,id
mbimph.com,us
mbmj.org,nl
online-publication.com,nl
openjournal.lib.miamioh.edu,us
openjournals.lib.uchicago.edu,us
pagepress.org,it
paressu.org,us
pausmiling.org,us
pcsp.libraries.rutgers.edu,ca
publicaciones.urbeetius.org,us
revista.estudioidea.org,us
revues-dev.droz.org,ch
rianp.com,us
riviste.fupress.net,fr
seer.pgsskroton.com,br
woasjournals.com,us
www.antpublisher.com,hk
www.archives.sp.oajour.info,us
www.ikprress.org,sg
www.konskrip.com,id
www.mapress.com,us
www.medscipublisher.com,us
www.ojsps.org,us
www.pagepress.org,it
www.rsepress.com,us
www.sciengtexopen.org,gb
www.scischolars.com,us
www.syniutajournals.com,us
www.uninter.com,us
a3c.c2000455.ferozo.com,ar
academiainsight.com,us
academicareview.com,cy
animalscipublisher.com,us
apjihl.org,us
articlegateway.com,us
brajets.com,us
c2000455.ferozo.com,ar
candle-id.com,id
companyofscientists.com,us
conference.loupiasconference.org,id
congresoamericana.com,us
djournals.com,id
edu-journals.com,us
ejournal.cloud,us
ejournal.lucp.net,in
ejournal.rahmadani.net,us
ejournal2.upi.edu,id
elcpublishing.org,us
engjournalumi.com,id
excelligentacademia.com,my
genbreedpublisher.com,us
hortherbpublisher.com,us
icsejournal.com,cy
ijhes.com,sg
imed.pub,nl
jip.a2hosted.com,us
jmsnew.iobmresearch.com,us
jomts.com,us
journal.abkinjateng.org,cy
journal.axiomlaboratory.com,sg
journal.kurasinstitute.com,id
journal.muntahanoorinstitute.com,us
journal.penerbitkaroteh.com,id
journalknowledge.com,gb
journals.aiias.edu,ph
journals.akademisyen.net,tr
journals.iorpress.org,in
journals.irapa.org,us
journals2.hh-publisher.com,us
jurnal.permapendis.org,id
jurnal.ukompeten.com,id
jurnal.unai.edu,id
jurnaldigit.org,id
learning-gate.com,us
libjournals.mtsu.edu,us
management.eurekajournals.com,in
manuscripts.international,us
metalsimyaci.com,tr
microbescipublisher.com,us
ocs.slstyo.com,sg
ojs.epsilonprinting.com,sg
ojs.lppmuniprima.org,id
ojs.rumahukomindonesia.com,us
ojs.sandermanpub.com,hk
ojs.tripaledu.com,tr
ojshostng.com,us
periodicos.unesc.net,br
phlawreview.org,us
phmpapers.org,us
physnew.com,us
portofolio.febunjani.com,id
proceeding.rsfpress.com,nl
proceedingsof.naasrm.com,us
publications.dainst.org,de
redibai-journal.org,us
research-advances.org,us
revistascientificas.uspceu.com,es
rmsjournal.com,mo
rumahjurnal.net,id
snman.science,nl
spx-epress.net,us
sylvertx.000webhostapp.com,cy
techniumscience.com,ro
thejournalish.com,id
toastse.com,us
turates.com,tr
unillanos.metarevistas.org,fr
ur1.toc-editions.com,nl
uruojs.insiemp.com,ve
vps-1689312-x.dattaweb.com,us
www.br-ie.org,us
www.cloudpublications.org,us
www.cribfb.com,us
www.edukasional.com,id
www.ejournalwiraraja.com,id
www.freedevelop.org,es
www.growingscholar.org,us
www.journalfkipuniversitasbosowa.org,lk
www.mediterraneanknowledge.org,it
www.revistaepgunapuno.org,us
www.richtmann.org,it
www.themspress.org,us
www.vestnik-surgery.com,ru
acaa-p.com,us
aeirc-edu.com,us
al-kindipublisher.com,nl
aladzkiyajournal.com,id
apicbdkmedan.org,us
arc.lib.montana.edu,us
art.eurekajournals.com,in
asianjde.org,us
athenamedi.com,us
borneorms.org,id
bricsjer.com,us
c1831176.ferozo.com,ar
cajad.centralasianstudies.org,uz
cajitmf.centralasianstudies.org,uz
cajlpc.centralasianstudies.org,uz
cajmns.centralasianstudies.org,uz
cajmtcs.centralasianstudies.org,uz
cajotas.centralasianstudies.org,uz
cajssh.centralasianstudies.org,uz
celt.miamioh.edu,us
centreofexcellence.net,us
china.piscomed.com,sg
confajol3.ajol.info,us
cusitjournals.com,ua
cwzpress.com,sg
digitalud.dbq.edu,us
dmi-journals.org,sg
ecsenet.com,us
edu-business.org,sg
educationjournal.web.illinois.edu,us
ejournal.anotero.org,id
ejournal.bayfaeducation.com,id
ejournal.fkipuki.org,id
ejournal.goacademica.com,cy
ejournal.ibeeta.org,id
ejournal.ijshs.org,us
ejournal.karinosseff.org,cy
ejurnalkotamadiun.org,id
ephjournal.org,us
frolick.org,us
fuenteconfiable.com,de
gmjei-ojs-tamiu-stage.tdl.org,us
grdspublishing.org,us
greenpub.org,id
grpjournals.net,us
hh-publisher.com,us
himapas.org,us
hologos.college,id
iaesprime.com,sg
iannajournalofinterdisciplinarystudies.com,us
idcounselor.com,id
ijaed.com,de
ijemss.com,sg
ijnd.info,us
ijssrr.com,us
iluvias.com,cy
inajcc.com,us
infoteks.org,nl
internationalrasd.org,us
investigacioni2d.com,de
iocscience.org,id
j-miner.com,us
jalt-publications.org,us
jbrcp.net,us
jcer.net,us
jdi.teknoindonesia.com,gb
jeae.org,tr
jebc.net,id
joecy.org,id
journal-center.litpam.com,cy
journal.99science.org,us
journal.aedmae.org,us
journal.eaec-eg.com,us
journal.embnet.org,us
journal.globaleconedu.org,id
journal.ilininstitute.com,id
journal.impactresearch.center,us
journal.ittishal.net,sg
journal.kopertis-4.org,id
journal.kualitama.com,cy
journal.lembagakita.org,fi
journal.pandawainstitute.com,id
journal.pdmi-pusat.org,id
journal.pubnesia.com,ca
journal.qitepinmath.org,id
journal.redwhitepress.com,id
journal.saased.org,id
journal.staidk.com,id
journalajravs.com,us
journalfkipunipa.org,id
journalofdiversity.com,id
journalofmedula.com,id
journals.aabms.org,us
journals.academebooks.com,de
journals.cincader.org,us
journals.edupotensia.org,cy
journals.essrak.org,us
journals.fst-djelfa.com,fi
journals.gmu.edu,us
journals.hh-publisher.com,us
journals.internationalrasd.org,us
journals.ku.edu,us
journals.metro-research.com,us
journals.publicplatform.app,us
journals.scicell.org,sk
journals.segce.com,id
journals.uncc.edu,us
journals.wichita.edu,us
juriskes.com,lt
jurnal.iairm-ngabar.com,cy
jurnal.intancendekia.org,cy
jurnal.monitoringclub.org,sg
jurnal.staiannawawi.com,sg
jurnal.suamedia.com,id
jurnal.yoctobrain.org,sg
jurnalstikesintanmartapura.com,cy
kibanresearchpublications.com,us
libjournals.unca.edu,nl
majmuah.com,sg
mansapublishers.com,us
mcfns.net,us
methomika.net,id
monthlyreviewarchives.org,us
navalpress.com,us
ojs.aduei.com,us
ojs.auacpress.org,sg
ojs.cahayamandalika.com,id
ojs.escoladacidade.org,us
ojs.kuliahkomputer.com,id
ojs.sanguilmu.com,us
ojs.sgsci.org,sg
ojs.whioce.com,sg
ojs2.latihanojs.com,id
ojs3.gpmu.org,ru
ojs3.lppm-uis.org,id
ojs3modern16.openjournalsystems.com,us
onlineacademicpress.com,us
penelitiankesehatan.com,id
penelitimuda.com,id
persagi.org,id
pfcasopisi.com,ba
phani.indiaproblems.com,us
plarci.org,us
pontecorbolipress.com,nl
portalpensador.com,us
prepublicaciones.org,us
press.utoledo.edu,us
psppjournals.org,id
pub.mykreatif.com,lt
publication.k-pin.org,id
publications.teadmus.org,gb
publish.tntech.edu,us
publishing.fgu-edu.com,us
pubs.ascee.org,id
pubs.sciencenesia.com,sg
qellqasqa.com,us
researchersworld.com,sg
revista-alcn.org,ca
revista.cienciasecognicao.org,br
revista.proeditio.com,es
revista.redgade.com,us
revistaeletronicafunvic.org,us
revistasuas.com,us
rtsre.org,au
sai.cercetare.org,ro
scigod.com,us
secforestales.org,es
serials.atla.com,us
sjournals.com,us
snitechnologies.com,us
ssbjournals.org,gb
ssbrj.org,id
storkjournals.org,us
submissions.cerath.com,us
tiikmpublishing.com,us
tljbm.org,us
tspsubmission.com,hk
tuljournals.temple.edu,us
ukischolarsnetwork.org,id
vspu.net,ua
www.ajscieng.com,ir
www.aquapublisher.com,us
www.asociacioneconomiacritica.org,es
www.atlasstatsresearch.com,us
www.ceserpublications.com,us
www.cienciasecognicao.org,br
www.dmi-journals.org,sg
www.econbussoc.org,sg
www.emtoscipublisher.com,us
www.fazpublishing.com,my
www.fitecvirtual.org,us
www.gssrr.org,nl
www.ijocma.org,us
www.indexlaw.org,br
www.jadh.org,jp
www.jofeb.org,tr
www.journal.saased.org,id
www.jposna.org,us
www.npwtj.com,de
www.ojs.bdtopten.com,us
www.pacificejournals.com,us
www.pagepressjournals.org,it
www.readersinsight.net,us
www.revistabiblica.com,nl
www.rsbap.org,nl
www.saglikokuryazarligidergisi.com,tm
www.sanisidoro.net,us
www.sentimentanimalidades.net,br
www.tnhjph.com,us
www.zoosprint.zooreach.org,us
xn----8sbernpieey6a0g.xn----8sbwwhgb.xn--p1ai,ru
xn--80aeefhfzzzhd2j.xn--80adxhks,ru
ywacademia.com,us
0nlineastrology.com,sg
1.cdpservices.org,jp
aarcentre.com,sg
abc.us.org,us
abejournal.online,pl
abrapem.org,us
abstract.pogipdc2020.com,cy
aca.bitcloudmedia.xyz,cy
academicarchives.org,us
acontracorriente.chass.ncsu.edu,us
acopaf.site,us
acta-microscopica.org,nl
actamedicacolombiana.com,us
actamedindones.org,id
adi-journal.org,us
administrasiku.com,id
adppi.org,us
advjbiomol.com,in
advld.com,us
aejonline.org,de
ahlimedia.com,id
aicljournal.org,us
aihc.amexihc.org,us
aihumanities.org,kr
aipmed.org,us
ajlifesciences.com,gb
ajlmonline.org,de
ajlp.mmupress.com,my
ajmedtech.com,id
ajocs.com,my
ajod.org,de
ajooh.org,us
ajstd.org,id
albertinejournal.org,us
alddurar.tcais.net,jp
alisyraq.pabki.org,cy
amaejournal.utsa.edu,us
amazoniainvestiga.info,us
ambronline.net,us
amcapjess.net,us
amcapjmcs.net,us
analectica.org,us
anatoliasr.org,tr
antiagingbiomed.org,sg
anushandhan.openresearchjournals.com,us
ap3si.org,id
apims.net,us
appsitsta.ddns.net,mx
apsdpr.org,za
aqua-lac.org,us
aquja.alquds.edu,ps
arcc-journal.org,us
archivosdemedicinadeldeporte.com,es
arkhoediciones.com,us
arteri.sinergis.org,cy
articles.theindianpractitioner.com,in
artikel.adenasution.com,id
asianscholarsnetwork.org,my
asle-brasil.com,nl
asociacioneconomiacritica.org,es
asociacionlatinoamericanadeantropologia.net,fi
astroedjournal.org,au
aujm.au.edu,th
avehjournal.org,de
awryjcp.com,us
aysenologia.org,cl
ayurlog.com,in
ayurvigyan.gactagujarat.com,in
balianatomyjournal.org,id
banrjournal.org,id
barropensativo.com,nl
baydaauniv.net,us
bcsdjournals.com,id
beta.sajeb.org,in
betancl.ecu.edu,us
betangjurnal.org,id
betasfc.ecu.edu,us
beyond-rheumatology.org,it
bicaise.iaine.org,id
bimkonsel.ikipgunungsitolijournal.net,id
bio-integration.org,in
bio-up.org,ua
bioinfoguy.net,us
bios.sinergis.org,cy
biosight.org,us
biupress.org,us
bjoa.balijournals.org,sg
bjotr.com,us
bjph.info,us
bmc-rm.org,ru
boletim.ornisevora.org,nl
books.psmpublishers.org,us
bra.lmsiunajaf.org,us
bras-center.com,gb
brewercom.com,us
bulletin.uv4plants.org,gb
cagi.software-adhoc.com,us
callforchapter.com,nl
canadianarchaeology.com,us
cancer.whioce.com,sg
careertechresearch.org,us
case-analysis.uohcba.com,us
cbsjournal.com,cy
ccbjournal.info,de
cdrjournal.africanlightsource.org,us
cendekianiaga.com,us
ciberindex.com,es
cienciadigital.org,us
cimateuan.education,us
circuitoretic.redaccioncto.com,es
cityhealthj.org,tm
cja.canadianarchaeology.com,us
classic7.openjournalsystems.com,us
climateandhealthj.org,tm
clsu-ijeds.org,cy
cobaa.proyekdesain.com,id
computationalcommunication.org,nl
conejournal.com,pk
conference.i-mes.org,id
converter-magazine.info,us
coreidjournal.org,sg
crcah.com,us
creactos.org,us
csiepub.org,us
ctt-ojs-ttu-stage.tdl.org,us
designforsocialchange.org,gb
diabeticstudies.org,us
dinastires.org,id
dinastirev.org,id
djes.info,us
dnadecipher.com,us
docomomo.web2403.uni5.net,br
documental.celam.org,us
dr-salih.com,de
dummy.ijireview.com,id
dyspanel.enadonline.com,de
e-journal.adpgmiindonesia.com,id
e-journal.lingkarpenaindonesia.com,id
e-journal.stipyapibone.online,cy
e-jurnalnasional.com,us
e-plastory.com,de
eahrj.eahealth.org,gb
easci.eahealth.org,gb
ecf.utpjournalsreview.com,ca
edicions.uib.cat,es
editora.pimentacultural.com,br
editorialabiertafaia.com,us
editorialmedicaesculapio.com,gb
educacion.materialesytareas.com,us
ei-journal.com,ua
ejournal-sttp.com,fi
ejournal.1001tutorial.com,id
ejournal.cyberdakwah.com,id
ejournal.elbinajatim.com,id
ejournal.kompetif.com,id
ejournal.learn21st.com,id
ejournal.pamaaksara.org,sg
ejournal.pgrikotasemarang.org,id
ejournal.sisfokomtek.org,cy
ejournal.yudhaenglishgallery.com,id
ejpam.com,be
ejurnal.immlampung.org,vn
ejurnal.kpmunj.org,id
ejurnal.seminar-id.com,id
elacil-revue.com,fi
emedhaa.com,de
emrj.org,us
engagement.osumc.edu,us
erkjournals.com,in
escribo.com,br
esec.upnvjt.com,id
ethnobioconservation.com,ca
etiquette.makarioz.org,id
eurekaunima.com,id
fandfonline.com,us
farplss.org,ua
fatobene.net,br
fauxjournal.org,us
fctcoezjournals.org,us
fepbl.com,us
filomatjournal.com,tr
foodagrispectrum.org,nl
forestchemicalsreview.com,us
fpbjournal.com,ca
ftppunipa.com,sg
fuljoss.com,us
fundacionarthis.org,es
futajeet.com,us
gamaesouza.no-ip.info,br
gandt.website,nl
general.psych.live,kr
ger.mercy.edu,us
gjat.net,cy
globalgers.org,us
globsurg.com,ca
glossa.happyneuron.com,fr
gmjei-ojs-tamiu.tdl.org,us
godsandmonsters-ojs-txstate.tdl.org,us
hansoftjournals.com,in
harsiyat.com,tr
hechoteatral.com,nl
hesj.org,de
historiaregional.org,ar
historiasocialecomparada.org,us
hjicmc.org,in
hjradiology.org,gr
honorisacademia.com,nl
ia-education.online,id
iacau.com,de
iase-web.org,nz
iasjol.org,lt
icrjournal.org,us
idwebsitedesign.com,id
iestoc.org,us
ifbar.org,tr
iiiejournal.org,in
ijaetonline.com,us
ijarms.com,in
ijartm.com,in
ijase.iiesindependent.org,id
ijate.net,tr
ijbes.com,de
ijcc.coromade.com,us
ijce.mercy.edu,us
ijcis.net,sg
ije.publication-pyc.org,id
ijebe.com,id
ijeedu.com,id
ijerjournal.org,id
ijesty.org,id
ijetcr.org,us
ijhcam.org,sg
ijhcr.com,us
ijhsc.com,us
ijhss.net,us
ijiccn.com,in
ijidt.com,in
ijims.org,fi
ijims.press,cy
ijistra.com,my
ijits.net,my
ijlls.org,us
ijmhns.com,fr
ijmpjournal.org,id
ijmvs.com,us
ijoardjournal.org,us
ijonest.net,tr
ijonse.net,tr
ijose.org,us
ijpaonline.com,us
ijpcm.org,gb
ijpd.org,us
ijphs.org,sg
ijpsdr.com,us
ijpsl.goconsortium.com,us
ijrhs.org,sg
ijsd.gile-edu.org,hu
ijsher.com,in
ijssass.com,us
ijssrjournal.org,id
ijtvet.com,id
ilahiyatstudies.org,fi
ilkeskh.org,id
imminv.com,ir
indianpetjournal.com,in
indigenouspolicy.org,us
indpol.org,tr
infinitesimals.org,ca
innoriginal.com,de
innovasciencesbusiness.org,ca
inspiree.review,id
instal.benpublisher.org,cy
instituteofsurgeryjournals.com,ca
institutoforensedelecuador.com,de
insulinresistance.org,za
intelegensia.org,id
intercostos.org,br
intjorass.com,tr
iodp-ojs-tamu.tdl.org,us
ipvic.uitmkelantan.com,sg
iquatroeditores.com,us
iratde.com,us
j-himel.org,id
j-star.beta.star-society.org,de
j-stem.net,tr
j.ideasspread.org,us
jae-tech.com,us
jafonline.org,za
jalhss.com,us
jasrep.org,us
jassh.info,in
jat-ojs-baylor-stage.tdl.org,us
jatjournal.org,hr
jbiomedkes.org,id
jcbior.com,fi
jcer.com,us
jcmp.calstate.edu,us
jcscconsortium.com,id
jcse.spcrd.org,ca
jctdentistry.com,us
jctoncology.com,us
jeahs.com,us
jeeemi.org,id
jem-online.org,ca
jemhrd.com,id
jepa.casprindia.org,us
jest.spcrd.org,ca
jetjournal.org,de
jhp-ojs-tamucc-stage.tdl.org,us
jiag.org,us
jicna.org,us
jiemar.org,id
jims-a.org,id
jkmb.upquality.net,de
jkw.wskw.org,us
jlcc.spcrd.org,ca
jmbe.redaedem.org,de
jmcrr.info,in
jmps.online,us
jmrhs.info,us
jms.eleyon.org,in
jmtmada.com,de
jnnpguinee.com,us
jocivilef.org,de
joctn.com,us
jogoroto.org,id
joiss.net,id
jolets.org,us
jolgri.org,za
jomped.org,za
joppor.cpopc.org,in
jossit.tecnocampus.cat,nl
journal-iwc-stage.netxtra.dev,ie
journal-niisk.com,ua
journal-s.org,ru
journal-sjals.com,cy
journal.abolitionjournal.org,us
journal.alqalamjournalpu.com,us
journal.apopi.org,us
journal.aptifi.org,cy
journal.borneorms.org,id
journal.calaijol.org,ca
journal.cicofficial.com,id
journal.clinicalcorrelations.org,us
journal.cosecsa.org,us
journal.dkampus.com,id
journal.ecancer.org,us
journal.hibiscuspublisher.com,my
journal.hiskimalang.com,id
journal.iaph2030.org,us
journal.ibeeta.org,id
journal.iberamia.org,es
journal.id-germanistenverband.org,id
journal.iisks.com,gb
journal.ijnetset.org,tr
journal.inspirefe.com,us
journal.intbauspain.com,es
journal.interstudi.edu,id
journal.iwc.int,us
journal.kimia.upi.edu,id
journal.lapena.institute,cy
journal.lurbu.com,us
journal.mdji.org,us
journal.niggs.org,us
journal.niisi.tech,ru
journal.paradigmjournal.org,tr
journal.promethee-gaia.net,us
journal.pubalaic.org,us
journal.qpublisher.com,id
journal.qubahan.com,sg
journal.radicalorthodoxy.org,us
journal.rescollacomm.com,id
journal.seameo-stemed.org,us
journal.smta.org,us
journal.strokenepal.org,sg
journal.techolation.com,nl
journal.uagm.edu,us
journal.upquality.net,de
journalahrj.com,us
journalajbge.com,us
journalajcr.com,us
journalajcrmh.com,us
journalajcrs.com,us
journalajds.com,us
journalajl2c.com,us
journalajoger.com,us
journalajorr.com,us
journalajorrin.com,us
journalajpcb.com,us
journalajrnh.com,us
journalajrrhe.com,us
journalajrrop.com,us
journalajrs.com,us
journalalphacentauri.com,us
journalaorj.com,us
journalfotonik.com,sg
journalgurus.com,us
journalijanr.com,us
journalijr2h.com,us
journalijrrd.com,us
journalijrrgy.com,us
journalindonesia.org,sg
journalirjgh.com,us
journalirjo.com,us
journaljmsrr.com,us
journalofanalytics.com,us
journalofcommunitymedicine.com,fr
journalofhi.com,us
journalofmigranteducation.org,ca
journals.academicstudiespress.com,us
journals.aseiacademic.org,ro
journals.brit.org,us
journals.eleyon.org,in
journals.findlay.edu,us
journals.grdpublications.com,in
journals.hhhpublishing.com,in
journals.inssi.org,us
journals.ke-i.org,nl
journals.library.brandeis.edu,us
journals.library.unt.edu,us
journals.lifescie.org,us
journals.nawroz.edu.krd,us
journals.psmpublishers.org,us
journals.researchparks.org,uz
journals.troy.edu,us
journals.upress.ufl.edu,us
journalsajp.com,us
journalsarjnp.com,us
journalskuwait.org,ca
journalspe.com,fi
jpconline.net,in
jphysiology.com,nl
jppd.org,lt
jppsi.org,cy
jrbcs.org,us
jrc.lrpsu.org,cy
jrest.net,tr
jrhst.org,tr
jrisetgeotam.com,id
jrmi.au.edu,th
jrppk.kimia.upi.edu,id
jsar.fsha.org,us
jsju.org,nl
jsogp.net,sg
jssadrispa.com,id
jumdc.com,us
jurnal-citra-ekonomi.com,id
jurnal.ada-sulbar.org,id
jurnal.almashum.com,fr
jurnal.balitbang.pesawaran.info,us
jurnal.bdkjakarta.org,cy
jurnal.candle-id.com,id
jurnal.csdforum.com,id
jurnal.djak.online,id
jurnal.edukasiborneo.com,id
jurnal.gieinstitute.org,cy
jurnal.globalhealthsciencegroup.com,sg
jurnal.goretanpena.com,id
jurnal.iaidiy.com,id
jurnal.poltekpelbarombong.org,id
jurnal.saepullah.com,cy
jurnal.sosiora.org,cy
jurnalairaha.org,id
jurnalbia.com,id
jurnalcendanapgrintt.org,id
jurnaledukasikemenag.org,id
jurnalhalal.com,my
jurnaljpmi.com,id
jurnalmaritim.jurnal-iski.org,id
jurnalpoltera.fanataart.com,id
jurnalprophetica.lab.katabah.com,id
jurnalstihtual.com,id
jvwr-ojs-utexas-stage.tdl.org,us
kayonmedia.com,id
keralasamoohapadanangal.com,us
kinaadmanjournal.com,us
kwasujoh.com,us
latihanojs3.pakfaizal.com,id
latincommunicationmo.ipage.com,us
lebs.hbesj.org,jp
liberumsanguinem.com,gb
linesjournal.com,us
linguisticforum.com,us
littlebaypublishers.com,us
logicalcreations.org,nl
lppmfatimaparepare.org,cy
ltp.madrincasa.com,us
makurira.lurbu.com,us
mastozoologiamexicana.com,us
matanaeo.jurnalhukumbisnis.com,cy
mathed.miamioh.edu,us
matrix.bounceme.net,it
mayadani.org,id
mcrr.info,in
medical.advancedresearchpublications.com,us
medicalreviews.info,us
medicinaclinica.org,us
medist.ascee.org,id
methonomi.net,id
midwifery.jurnalsenior.com,id
minerva.autanabooks.com,de
mirtjournal.net,us
misan-jas.com,nl
mitrasehatjurnal.com,ca
mjphm.org,sg
mki-ojs.idionline.org,id
mqa-azure-lnx01.eastus2.cloudapp.azure.com,us
mssrj.com,us
muzuniversum.com,ua
myjo.org,nl
na.kspu.edu,ua
navegandorevista.com,de
ncsojs.2020staging.com,gb
new.berkalahayati.org,cy
nflrc.hawaii.edu,us
nickytettamanti.com,us
njpsyresearch.com,us
njs.libraries.rutgers.edu,ca
north2.2020staging.com,gb
nozomiscience.org,ca
nsmc.balijournals.org,sg
nspb.net,us
nueva.recimundo.com,us
nuife.org,ua
oakhillspub.com,us
oceanpublication.org,id
office2.jmbfs.org,sk
ogijournal.com,gr
oikonomosjournal.com,us
ojs-dev-01.library.pitt.edu,us
ojs-iasa.press.uillinois.edu,us
ojs-mcja.press.uillinois.edu,us
ojs-stikesrshaji.com,cy
ojs.abkinjatim.org,id
ojs.ajmstudies.com,sg
ojs.caribbeanmedicaljournal.org,us
ojs.conferencepublication.com,de
ojs.daoyidh.com,nl
ojs.dev.quovasys.net,de
ojs.edizionialtravista.com,it
ojs.eisodos.org,de
ojs.ejournalunigoro.com,id
ojs.ekasakti.org,lt
ojs.elearning-ump.com,fr
ojs.eusko-ikaskuntza.eus,es
ojs.fakultasekonomiunmura.com,id
ojs.fipecafi.org,br
ojs.hudotech.com,us
ojs.ici-berlin.org,de
ojs.ijmdas.com,sg
ojs.institutemandalika.com,id
ojs.iptpisurakarta.org,id
ojs.issnjournals.com,de
ojs.jfsdigital.org,us
ojs.jresearchbiology.com,in
ojs.lexis.srl,it
ojs.literacyinstitute.org,id
ojs.mrcuganda.org,ug
ojs.nassg.org,sg
ojs.papaslatinas.org,us
ojs.pascasarjanaiaknambon.org,cy
ojs.propertysupermall.com,us
ojs.redfundamentos.com,nl
ojs.roaae.org,sk
ojs.sdc.click,vn
ojs.stlpl.pro-linuxpl.com,de
ojs.tbelokon.beget.tech,ru
ojs.telkomnika.com,sg
ojs.turkishkinesiology.com,us
ojs.universoracionalista.org,us
ojs.vashagazeta.com,ru
ojs01.galib.uga.edu,us
ojs1.pruebas.metabiblioteca.com,us
ojs32.pesonaweb.com,id
ojs3modern17.openjournalsystems.com,us
ojs3x.com,us
ojspress.com,us
ojvr.org,de
oldbid.tabuladecimal.info,es
openpraxis.org,fr
oprr.sawitcentre.org,id
orangejournal.info,us
pac.chem.pitt.edu,us
panasianjournal.com,us
panoeconomicus.org,de
pathogenesis.pro,ru
pbmc2.ibmc.pro,ru
peaceanalyticsjournal.com,gb
penapersada.com,id
periodico.cpelin.org,ca
periodicos.aprb.org,us
perpetualinnovation.net,us
pesquisasagricolas.com,us
petier.org,id
phamho.com,au
pharmacyeducation.fip.org,nl
pharmascope.org,in
phcfm.org,de
phcogj.info,us
philssj.org,sg
pipd.ncipd.org,bg
piper.espacio-seram.com,de
pjmr.org,us
pkgn.xyz,id
pkps.org,us
pmpjournal.org,bg
politikon.iapss.org,us
pp.anpa.onl,us
ppghis.com,br
pradip.globalitms.com,us
praxis-ojs-shsu.tdl.org,us
praxisug.com,sg
preprints.digirep.org,us
preprints.psmpublishers.org,us
prespacetime.com,us
press.palni.org,us
pressmedica.com,cy
proceeding.tenjic.org,us
profpubs.com,us
projectbaikal.com,nl
prosiding.arab-um.com,id
prosiding.ilkeskh.org,id
psycholing-journal.com,ua
ptbreports.org,sg
pub.policyreview.info,de
publica.journals.publicknowledgeproject.org,ca
publicacionesicdp.com,us
publication.research-academy.org,id
publications.corvusjournal.org,nl
publications.sciences.ucf.edu,us
publishing.globalcsrc.org,us
publishingreview.ascee.org,id
pubnes.com,nl
purkh.com,us
qinglong-j.com,us
qubahan.com,sg
raagropecuaria.com,us
racsaude.com,us
rainsci.org,id
rastmd.net,tr
recacym.org,ca
reffit.tech,ru
resinprag.pragmaticsng.org,us
resol-tropiques.georesbio.org,ca
ressat.org,nl
retege.gemad.net,us
revista-edwardsdeming.com,us
revista.agroecologia.net,es
revista.appsicologia.org,us
revista.juriscons.org,us
revista.lapprudes.net,us
revista.primernombre.com,us
revista.soccolhort.com,us
revista.transferteq.com,us
revistaacorl.org,us
revistabiomedicaorg.biteca.online,us
revistaclinicaguayaquil.org,us
revistaeolo.fconvida.org,us
revistaespirales.com,us
revistaiberoamericanadederechoyeconomia.org,us
revistaiime.org,us
revistaindica.com,gb
revistajrg.com,us
revistalatribuna.gal,es
revistamedicaderosario.org,us
revistamedicocientifica.org,us
revistamosaicum.org,us
revistaoce.com,us
revistaodos.org,us
revistaparadigma.online,br
revistaprajna.com,ca
revistapsicologia.org,us
revistapsicosomaticaypsiquiatria.com,nl
revistaquiroga.andaluciayamerica.com,de
revistas.ancib.org,br
revistas.claudiotereso.com,pt
revistas.proeditio.com,es
revistas.zamorano.edu,hn
revistashc.org,us
revistatecnicatributaria.com,es
revistaunes.com,de
revistavitruvius.com,tr
revistesdigitals.uvic.cat,es
revsalus.racslusofonia.org,gb
revue.authentique-graal-afrique.com,ca
revue.leee.online,ch
ridtm.com,us
rii.revistadeingenieriaeinnovacion-fiis-unheval.com,nl
riico.net,nl
riiopenjournals.com,pk
riss.authentique-graal-afrique.com,ca
riviste-clueb.online,de
riviste.upra.org,us
rmd.commalaga.com,es
rmiq.org,us
rponcologia.com,us
rsiapd.com,id
rudn.tlcjournal.org,ru
rumahpublikasi.com,id
sagi-trs.net,au
saglikokuryazarligidergisi.com,tm
saheljvs.org,us
sainsplus.com,id
sajbm.org,za
sajdrm.org,np
sajems.org,za
sajshs.org,us
sajst.org,us
saudiradiology.com,us
scholarlyediting.reclaim.hosting,us
scholarshub.net,sg
sciedc.com,ru
scienceimpactpub.com,sg
sciencescholarconsulting.org,gb
scienpg.com,us
scipg.com,us
scitecresearch.com,us
semioticreview.com,us
sgej.org,de
shdevr.org,us
siglodiecinueve.com,nl
simple.ascee.org,id
siuj.org,ca
sivamy.org,us
sjcmds.com,us
slr-m.com,us
smbs.salviapub.com,de
smcr.salviapub.com,de
smsjournals.com,sg
sociedadvenezolanadecirugia.com,fr
societasdei.rcrs.org,sg
sofeuncp.org,us
sovereign.penerbitsign.com,id
sovereignjournal.penerbitsign.com,id
spphllc.com,us
sthrajesh.info,us
stikbar.org,nl
strategi.itmaranatha.org,id
sub.jamsloaded.com,us
submissions.cljournal.org,us
submissions.ctjournal.org,ca
submissions.ijskit.org,us
submissions.spmcjournal.com,sg
submit.aeeej.org,bg
summusjournals.com,de
tamarajournal.com,pl
td-sa.net,de
tech.ubiquityjournal.website,nl
technosciencejfcda.com,us
tejustore.com,us
tekkad.org,tr
teoriayrpraxis.net,us
teslej-sub.org,us
teunulehjournal.com,sg
thefuturejournals.org,us
thejecost.com,us
thejhsc.org,us
theolib.atla.com,us
theologiaviatorum.org,za
thesciencejobs.com,us
thesich.org,us
thesystemtechnologies.com,ru
tliaj.lurbu.com,us
tljes.org,us
traditionalarchitecturejournal.com,es
tredes.org,us
triss.org,gb
ttfnc.org,us
turkishsocialscience.com,tr
ujcsit.com,de
ukinstitute.org,id
umps.uber.space,de
understory-submit.fishcracker.net,us
unijerps.org,gb
uoajournal.com,de
urj.library.iit.edu,us
usnsj.com,us
vahaipublication.com,in
veerankis.org,in
versibaru.pei-pusat.org,id
vinculosdehistoria.com,nl
wajus.org,us
waocp.com,nl
watsonojs.binghamton.edu,us
wawasan.bdkjakarta.org,cy
webdev2.agh.okstate.edu,us
wedjournals.com,us
worldwidejournals.org,us
wszechswiat.ptpk.org,pl
wujastyk.net,gb
www.abmjournal.org,sg
www.acseusa.org,us
www.aimsci.com,us
www.ajrh.info,us
www.altex.org,ch
www.amcapjess.net,us
www.amcapjmcs.net,us
www.amha-journal.com,hr
www.amministrativamente.com,it
www.anatoliasr.org,tr
www.annalsofhealthresearch.com,us
www.arcc-journal.org,us
www.architalbiol.org,de
www.astroedjournal.org,au
www.ateneacientic.com,us
www.atlantisjournal.org,fr
www.atlas-tjes.org,us
www.attractivejournal.com,us
www.avtobiografija.com,us
www.bauddhikbharat.com,in
www.bayrak0l.org,nl
www.besli.org,ua
www.biomathforum.org,bg
www.bmc-rm.org,ru
www.books.iorpress.org,in
www.caribbeanmedicaljournal.org,us
www.case-analysis.uohcba.com,us
www.cbsjournal.com,cy
www.chemikinternational.com,us
www.cimel.felsocem.net,us
www.cityhealthj.org,tm
www.clei.org,us
www.clsu-ijeds.org,cy
www.cuadernoscanela.org,us
www.cuadernosdecomunicacion.com,es
www.dentjournalng.org,us
www.designforsocialchange.org,gb
www.dsesj.com,fr
www.ecocycles.net,nl
www.eden-online.org,hu
www.edgj.org,us
www.ejournal.cloud,us
www.elbahith.com,fi
www.essachess.com,ro
www.estudiosbandisticos.com,es
www.europasianjournals.org,us
www.fepbl.com,us
www.fipcaec.com,us
www.fmepro.org,us
www.fundamentaljournals.org,us
www.genresj.org,gb
www.heanoti.com,id
www.hellenicstem.com,tr
www.hfcplatform.org,it
www.hsijournal.org,de
www.htmanagementvb.com,nl
www.iajiss.org,ca
www.ias-iss.org,si
www.ibmi-medan.com,id
www.icaseonline.net,us
www.idesmac.org,us
www.ijact.org,in
www.ijafame.org,nl
www.ijarlit.org,id
www.ijebe.com,id
www.ijemr.net,in
www.ijfrd.com,us
www.ijhcs.com,fr
www.ijipem.com,us
www.ijitcs.info,us
www.ijohss.com,us
www.ijosi.org,tw
www.ijpcm.org,gb
www.ijpefs.com,in
www.ijphs.org,sg
www.ijphy.org,in
www.ijrasb.com,in
www.ijrpc.org,us
www.ijsmi.com,in
www.ijsponline.com,in
www.ilaindia.net,us
www.ilasl.org,it
www.ilomata.org,sg
www.ina-jghe.com,cy
www.intellect.zone,us
www.itejournal.org,us
www.jahr-bioethics-journal.com,hr
www.jairm.org,es
www.jasrep.org,us
www.jbscim.com,nl
www.je-lks.org,gb
www.jeae.org,tr
www.jebejournal.org,us
www.jiecr.org,sg
www.jiengtech.com,us
www.jmedsci.com,pk
www.jmoe.org,us
www.jmsskims.org,gb
www.joci.ecu.edu,us
www.jocrm.org,us
www.journal.aleftrust.org,gb
www.journalajrdes.com,us
www.journalajrn.com,us
www.journalajrre.com,us
www.journalajrrga.com,us
www.journalajrru.com,us
www.journalarjgo.com,us
www.journalgurus.com,us
www.journaliaarj.com,us
www.journalijrrc.com,us
www.journalofcommunitymedicine.com,fr
www.journalofsouthpacificagriculture.com,us
www.journals.wsrpublishing.com,nl
www.journaltop.com,us
www.jphysio.com,in
www.jpll.org,us
www.jpmtr.org,si
www.jsc-journal.com,de
www.jssadrispa.com,id
www.jssbia.com,th
www.jtk.kodepena.org,id
www.jurnalfai-uikabogor.org,id
www.kalamatika.matematika-uhamka.com,id
www.kreaturk.com,tr
www.larosadiparacelso.com,it
www.lectorjournal.com,pl
www.leraweb.net,us
www.managementjournal.info,us
www.marife.org,tr
www.medioevoeuropeo-uniupo.com,it
www.mondi.academy,it
www.mormonsocialscience.org,us
www.mundoalfal.org,de
www.nalans.com,us
www.navicosoft.xyz,pk
www.ncribjare.org,us
www.neuropsicolatina.org,ca
www.nijophasr.net,us
www.northernceramicsociety.org,gb
www.ojed.org,us
www.oprr.sawitcentre.org,id
www.oraxiom.org,de
www.orghr.org,hk
www.oxygenlink.com,us
www.perinasiajournal.com,sg
www.pesquisasagricolas.com,us
www.pewarta.org,id
www.phcogj.info,us
www.politicaygobierno.cide.edu,mx
www.pressmedica.com,cy
www.profinf.net,us
www.projectbaikal.com,nl
www.promotionalcommunications.org,us
www.psiencia.com,us
www.qjssh.com,my
www.rapsy.net,sg
www.redesla.org,us
www.revista.agroecologia.net,es
www.revista.tecccog.net,br
www.revistaaccb.org,us
www.revistaafese.org,de
www.revistaartroscopia.com,us
www.revistacancercol.org,us
www.revistadeingenieriaeinnovacion-fiis-unheval.com,nl
www.revistaiberoamericanadederechoyeconomia.org,us
www.revistainclusion.org,us
www.revistamexicanadeinvestigacionenpsicologia.com,us
www.revistapsicosomaticaypsiquiatria.com,nl
www.revistasacp.com,us
www.revistashc.org,us
www.revistasocialium.com,us
www.revistatheorein.com,us
www.rmhe.somehide.org,us
www.rmiq.org,us
www.rsiapd.com,id
www.sa-ijas.org,it
www.saata.org,us
www.sciences-du-design.org,fr
www.scigreen.com,my
www.scirevfew.net,us
www.shdisj.com,ua
www.siglodiecinueve.com,nl
www.sjcmds.com,us
www.socialsciencejournals.pjgs-ws.com,de
www.spafajournal.org,sg
www.stieumeltual.com,id
www.stnperu.com,nl
www.studiolari.com,us
www.sunmedpublishing.com,us
www.technosciencejfcda.com,us
www.tensodiagonal.org,us
www.thefutureoffoodjournal.com,de
www.theise.org,kr
www.theshodh.com,us
www.tjmmsonline.com,de
www.tljes.org,us
www.transnationallitsubmissions.org,us
www.turahes.com,tr
www.victoriannetwork.org,de
www.worldbookpublisher.com,us
www.xpublication.com,hk
xlescience.org,us
zancojournals.su.edu.krd,us
